{
  "nodeLayouts": {
    "inputs": {
      "x": 273.2976587721073,
      "y": 35.73660212874728,
      "index": -1
    },
    "outputs": {
      "x": 607.1413310430496,
      "y": 733.9218892309191,
      "index": -1
    },
    "search_determiner": {
      "x": 310.5729287060982,
      "y": 188.5267824686435,
      "index": 1
    },
    "standard_response_no_search": {
      "x": 379.34675043569524,
      "y": 539.3757164457403,
      "index": 0
    },
    "parser_options": {
      "x": 140,
      "y": 310,
      "index": 2
    },
    "execute_serp_search": {
      "x": 124.34151527726466,
      "y": 435.6488028383297,
      "index": 3
    },
    "send_email": {
      "x": 196.975454168206,
      "y": 675.463535646951,
      "index": 4
    }
  },
  "orientation": "Vertical"
}