{
  "nodeLayouts": {
    "inputs": {
      "x": -59.4000244140625,
      "y": 13.599998474121094,
      "index": -1
    },
    "outputs": {
      "x": 23.4000244140625,
      "y": 695.9966829364968,
      "index": -1
    },
    "question_embedding": {
      "x": -388.5541209323385,
      "y": 118.59671955759052,
      "index": 1
    },
    "retrieve_documents": {
      "x": -276.276999431013,
      "y": 262.9967134540749,
      "index": 0
    },
    "user_prompt": {
      "x": -270.8772191575755,
      "y": 366.9965913837624,
      "index": 3
    },
    "llm_response": {
      "x": -136.41568225198824,
      "y": 541.9966829364968,
      "index": 2
    },
    "icao_parser": {
      "x": 45.99207952830275,
      "y": 194.99668293649677,
      "index": 4
    },
    "gsd_calculator": {
      "x": 27.718979297982116,
      "y": 334.99668293649677,
      "index": 5
    }
  },
  "orientation": "Vertical"
}