{
  "nodeLayouts": {
    "inputs": {
      "x": -59.4000244140625,
      "y": 13.599998474121094,
      "index": -1
    },
    "outputs": {
      "x": 23.4000244140625,
      "y": 695.9966829364968,
      "index": -1
    },
    "question_embedding": {
      "x": -388.5541209323385,
      "y": 118.59671955759052,
      "index": 1
    },
    "retrieve_documents": {
      "x": -276.276999431013,
      "y": 262.9967134540749,
      "index": 0
    },
    "user_prompt": {
      "x": -271.8331607146785,
      "y": 382.2916562974111,
      "index": 3
    },
    "llm_response": {
      "x": -136.41568225198824,
      "y": 541.9966829364968,
      "index": 2
    },
    "icao_parser": {
      "x": 51.84648427084993,
      "y": 161.48136863292,
      "index": 4
    },
    "gsd_calculator": {
      "x": 27.718979297982116,
      "y": 334.99668293649677,
      "index": -1
    },
    "calculate_gsd": {
      "x": 68.8198552109305,
      "y": 284.2094847525368,
      "index": 5
    }
  },
  "orientation": "Vertical"
}