{
  "nodeLayouts": {
    "inputs": {
      "x": -56.4000244140625,
      "y": -6.400001525878906,
      "index": -1
    },
    "outputs": {
      "x": -123.5999755859375,
      "y": 651.9966219013405,
      "index": -1
    },
    "question_embedding": {
      "x": -348.5541209323385,
      "y": 135.59671955759052,
      "index": 1
    },
    "retrieve_documents": {
      "x": -318.276999431013,
      "y": 309.9967134540749,
      "index": 0
    },
    "user_prompt": {
      "x": -357.8772191575755,
      "y": 451.9965913837624,
      "index": 3
    },
    "llm_response": {
      "x": -147.41568225198824,
      "y": 545.9966829364968,
      "index": 2
    }
  },
  "orientation": "Vertical"
}