{
  "nodeLayouts": {
    "inputs": {
      "x": 18.32150914305797,
      "y": -284.010135020236,
      "index": -1
    },
    "outputs": {
      "x": 132.2030405060708,
      "y": 605.8542779081499,
      "index": -1
    },
    "input_ner": {
      "x": -262.5,
      "y": -183.4754503508712,
      "index": 1
    },
    "embeddings_parser": {
      "x": -354.5,
      "y": -55,
      "index": 2
    },
    "retrieve_docs": {
      "x": -246.69194866618187,
      "y": 112.44501093510104,
      "index": 3
    },
    "question_embeddings": {
      "x": -117.7514638528948,
      "y": -52.208108016188824,
      "index": 4
    },
    "user_prompt": {
      "x": -188.06510056639667,
      "y": 373.6692296258224,
      "index": 5
    },
    "chat_large_context": {
      "x": -49.88153136301288,
      "y": 489.7459442913987,
      "index": 0
    },
    "airport_extractor": {
      "x": 135.29386173746437,
      "y": -113.54639549252335,
      "index": 6
    },
    "airport_filter_relevant": {
      "x": -188.9609326134732,
      "y": 277.9631612058946,
      "index": 7
    }
  },
  "orientation": "Vertical"
}