{
  "nodeLayouts": {
    "inputs": {
      "x": 18.32150914305797,
      "y": -284.010135020236,
      "index": -1
    },
    "outputs": {
      "x": 132.2030405060708,
      "y": 689.7459442913987,
      "index": -1
    },
    "input_ner": {
      "x": -262.5,
      "y": -183.4754503508712,
      "index": 1
    },
    "embeddings_parser": {
      "x": -354.5,
      "y": -55,
      "index": 2
    },
    "retrieve_docs": {
      "x": -246.69194866618187,
      "y": 112.44501093510104,
      "index": 3
    },
    "question_embeddings": {
      "x": -117.7514638528948,
      "y": -52.208108016188824,
      "index": 4
    },
    "user_prompt": {
      "x": -188.06510056639667,
      "y": 373.6692296258224,
      "index": 5
    },
    "chat_large_context": {
      "x": -49.88153136301288,
      "y": 489.7459442913987,
      "index": 0
    },
    "airport_extractor": {
      "x": 72.80338772435661,
      "y": 54.11097381093648,
      "index": 6
    },
    "airport_filter_relevant": {
      "x": -214.87161696037154,
      "y": 247.48000315072014,
      "index": 7
    },
    "icao_parser": {
      "x": 206.27835138389756,
      "y": -53.29505555618553,
      "index": 8
    },
    "nearest_airports_finder": {
      "x": 188.04433496644958,
      "y": 205.65815279619986,
      "index": 9
    }
  },
  "orientation": "Vertical"
}